"target_date","forecast_date","pred_sigma_pct","pred_variance_pct2","source"
"2024-01-04","2023-12-29","0.583844016182237","0.340873835231804","holdout"
"2024-01-05","2024-01-04","0.684482500247059","0.468516293144465","holdout"
"2024-01-09","2024-01-05","0.693754296791039","0.481295024316029","holdout"
"2024-01-10","2024-01-09","0.666286110707016","0.443937181321082","holdout"
"2024-01-11","2024-01-10","0.79522209698406","0.632378183531726","holdout"
"2024-01-12","2024-01-11","0.711508264752092","0.506244010810533","holdout"
"2024-01-15","2024-01-12","0.774129387688613","0.599276308883146","holdout"
"2024-01-16","2024-01-15","0.783459046184819","0.613808077048827","holdout"
"2024-01-17","2024-01-16","0.806958906579439","0.651182676907883","holdout"
"2024-01-18","2024-01-17","0.83167967292434","0.691691078355537","holdout"
"2024-01-19","2024-01-18","0.734824331536609","0.539966798218224","holdout"
"2024-01-22","2024-01-19","0.682381656103353","0.465644724586355","holdout"
"2024-01-23","2024-01-22","0.708187088971548","0.501528952985996","holdout"
"2024-01-24","2024-01-23","0.761620057527135","0.580065112027637","holdout"
"2024-01-25","2024-01-24","0.712962140801445","0.508315014216179","holdout"
"2024-01-26","2024-01-25","0.704090381780917","0.495743265716398","holdout"
"2024-01-29","2024-01-26","0.719217816035639","0.517274266903074","holdout"
"2024-01-30","2024-01-29","0.6823254518788","0.465568022281609","holdout"
"2024-01-31","2024-01-30","0.592738386933631","0.351338795344683","holdout"
"2024-02-01","2024-01-31","0.678542767498514","0.460420287324543","holdout"
"2024-02-02","2024-02-01","0.657890378607243","0.432819750263981","holdout"
"2024-02-05","2024-02-02","0.644098992722449","0.414863512426073","holdout"
"2024-02-06","2024-02-05","0.625263927605424","0.390954979164561","holdout"
"2024-02-07","2024-02-06","0.656347902045746","0.430792568519853","holdout"
"2024-02-08","2024-02-07","0.60371476203692","0.364471513901295","holdout"
"2024-02-09","2024-02-08","0.723913725695794","0.524051082250765","holdout"
"2024-02-13","2024-02-09","0.726343191626407","0.527574432022035","holdout"
"2024-02-14","2024-02-13","0.788779206303204","0.622172636296313","holdout"
"2024-02-15","2024-02-14","0.748216304146926","0.559827637791286","holdout"
"2024-02-16","2024-02-15","0.696213255893666","0.48471289768206","holdout"
"2024-02-19","2024-02-16","0.733465039290384","0.537970963861245","holdout"
"2024-02-20","2024-02-19","0.685835076345584","0.470369751945953","holdout"
"2024-02-21","2024-02-20","0.670235372198541","0.449215454146117","holdout"
"2024-02-22","2024-02-21","0.646179995285379","0.417548586307012","holdout"
"2024-02-26","2024-02-22","0.767581536979638","0.589181415912024","holdout"
"2024-02-27","2024-02-26","0.630832244722963","0.397949320982213","holdout"
"2024-02-28","2024-02-27","0.658068098338324","0.433053622050618","holdout"
"2024-02-29","2024-02-28","0.605918480832496","0.36713720541436","holdout"
"2024-03-01","2024-02-29","0.619658634254888","0.383976823006632","holdout"
"2024-03-04","2024-03-01","0.73106825344274","0.534460791191818","holdout"
"2024-03-05","2024-03-04","0.657979707160368","0.432937295034843","holdout"
"2024-03-06","2024-03-05","0.662935879970084","0.439483980951709","holdout"
"2024-03-07","2024-03-06","0.70817590429468","0.501513111423588","holdout"
"2024-03-08","2024-03-07","0.91812418452144","0.842952018203158","holdout"
"2024-03-11","2024-03-08","0.733503781466285","0.53802779742534","holdout"
"2024-03-12","2024-03-11","0.961242337409625","0.92398683122872","holdout"
"2024-03-13","2024-03-12","0.819212315477771","0.671108817830451","holdout"
"2024-03-14","2024-03-13","0.88890212945463","0.790146995748976","holdout"
"2024-03-15","2024-03-14","0.776566974788194","0.603056266331688","holdout"
"2024-03-18","2024-03-15","0.744079712298924","0.55365461825485","holdout"
"2024-03-19","2024-03-18","0.784111261967856","0.614830471144823","holdout"
"2024-03-21","2024-03-19","0.838083197259589","0.702383445528855","holdout"
"2024-03-22","2024-03-21","0.696645486204504","0.48531493344911","holdout"
"2024-03-25","2024-03-22","0.667389226496954","0.445408379644202","holdout"
"2024-03-26","2024-03-25","0.756253932718316","0.57192001075192","holdout"
"2024-03-27","2024-03-26","0.594516762558695","0.353450180963271","holdout"
"2024-03-28","2024-03-27","0.685999848412867","0.470595792022477","holdout"
"2024-03-29","2024-03-28","0.706747959975948","0.499492678930164","holdout"
"2024-04-01","2024-03-29","0.591999459895269","0.35046336051629","holdout"
"2024-04-02","2024-04-01","0.843456649741582","0.711419119993293","holdout"
"2024-04-03","2024-04-02","0.750334561200158","0.563001953731434","holdout"
"2024-04-04","2024-04-03","0.779531475456833","0.607669321227907","holdout"
"2024-04-05","2024-04-04","0.743077158387184","0.552163663316772","holdout"
"2024-04-08","2024-04-05","0.912499295849138","0.832654964925173","holdout"
"2024-04-09","2024-04-08","0.70841770141791","0.501855639682235","holdout"
"2024-04-10","2024-04-09","0.651898356509247","0.424971467219457","holdout"
"2024-04-11","2024-04-10","0.697831988185286","0.486969483734629","holdout"
"2024-04-12","2024-04-11","0.669082177202552","0.447670959850108","holdout"
"2024-04-15","2024-04-12","0.623469189020703","0.388713829658133","holdout"
"2024-04-16","2024-04-15","0.667378540627265","0.445394116489777","holdout"
"2024-04-17","2024-04-16","0.788204241620808","0.621265926509033","holdout"
"2024-04-18","2024-04-17","0.885764722686151","0.784579143955273","holdout"
"2024-04-19","2024-04-18","0.783889247401439","0.614482352191594","holdout"
"2024-04-22","2024-04-19","1.09315916181823","1.19499695306714","holdout"
"2024-04-23","2024-04-22","0.829524014052604","0.688110089889945","holdout"
"2024-04-24","2024-04-23","0.798227434383619","0.637167037002654","holdout"
"2024-04-25","2024-04-24","0.810671042262546","0.657187538763042","holdout"
"2024-04-26","2024-04-25","0.958777341184094","0.91925398996804","holdout"
"2024-04-30","2024-04-26","0.862025806174563","0.743088490510906","holdout"
"2024-05-01","2024-04-30","0.726951494792224","0.528458475780649","holdout"
"2024-05-02","2024-05-01","0.774741499679843","0.600224391326172","holdout"
"2024-05-07","2024-05-02","0.78855263426934","0.621815257013116","holdout"
"2024-05-08","2024-05-07","0.629741919663655","0.396574885381665","holdout"
"2024-05-09","2024-05-08","0.816275152191095","0.666305124084596","holdout"
"2024-05-10","2024-05-09","0.712119367914542","0.507113994159006","holdout"
"2024-05-13","2024-05-10","0.692774633107843","0.479936692277706","holdout"
"2024-05-14","2024-05-13","0.671934135670975","0.451495482679901","holdout"
"2024-05-15","2024-05-14","0.674779425894782","0.455327273610891","holdout"
"2024-05-16","2024-05-15","0.688774600608527","0.474410450443436","holdout"
"2024-05-17","2024-05-16","0.65601181244663","0.430351498069513","holdout"
"2024-05-20","2024-05-17","0.603034313329976","0.363650383053356","holdout"
"2024-05-21","2024-05-20","0.706856293988428","0.499645820351055","holdout"
"2024-05-22","2024-05-21","0.66862887083118","0.447064566908979","holdout"
"2024-05-23","2024-05-22","0.679169622614165","0.461271376281867","holdout"
"2024-05-24","2024-05-23","0.66708233615411","0.444998843208826","holdout"
"2024-05-27","2024-05-24","0.709785747808438","0.503795807791983","holdout"
"2024-05-28","2024-05-27","0.553277996049825","0.30611654091291","holdout"
"2024-05-29","2024-05-28","0.544727129764134","0.296727645901072","holdout"
"2024-05-30","2024-05-29","0.730227934290327","0.533232836017918","holdout"
"2024-05-31","2024-05-30","0.675830041644674","0.456746245189441","holdout"
"2024-06-03","2024-05-31","0.628125056585583","0.394541086710642","holdout"
"2024-06-04","2024-06-03","0.625231530062689","0.390914466184531","holdout"
"2024-06-05","2024-06-04","0.653097843563091","0.42653679326676","holdout"
"2024-06-06","2024-06-05","0.674974797148729","0.455590976785968","holdout"
"2024-06-07","2024-06-06","0.57602015986583","0.331799224571856","holdout"
"2024-06-10","2024-06-07","0.523280203228896","0.273822171091275","holdout"
"2024-06-11","2024-06-10","0.604453203028697","0.365363674651651","holdout"
"2024-06-12","2024-06-11","0.541637766693969","0.293371470309231","holdout"
"2024-06-13","2024-06-12","0.542127762969131","0.293902511381914","holdout"
"2024-06-14","2024-06-13","0.605753946282328","0.366937843436614","holdout"
"2024-06-17","2024-06-14","0.601838581354477","0.36220967800677","holdout"
"2024-06-18","2024-06-17","0.710300518124503","0.504526826047938","holdout"
"2024-06-19","2024-06-18","0.566234118497866","0.320621076951055","holdout"
"2024-06-20","2024-06-19","0.590871545530778","0.34912918331793","holdout"
"2024-06-21","2024-06-20","0.570487658869787","0.325456168922731","holdout"
"2024-06-24","2024-06-21","0.569361951814151","0.324173032173619","holdout"
"2024-06-25","2024-06-24","0.580908440812518","0.337454616607231","holdout"
"2024-06-26","2024-06-25","0.619753841036592","0.384094823479609","holdout"
"2024-06-27","2024-06-26","0.62735365133044","0.393572603837635","holdout"
"2024-06-28","2024-06-27","0.607684349113583","0.369280268157599","holdout"
"2024-07-01","2024-06-28","0.555138553187798","0.308178813235442","holdout"
"2024-07-02","2024-07-01","0.593888862013946","0.35270398042422","holdout"
"2024-07-03","2024-07-02","0.632211472654232","0.399691346155632","holdout"
"2024-07-04","2024-07-03","0.640533630494984","0.410283331795084","holdout"
"2024-07-05","2024-07-04","0.606022303065633","0.367263031812974","holdout"
"2024-07-08","2024-07-05","0.600455488490393","0.360546793658236","holdout"
"2024-07-09","2024-07-08","0.628477217470625","0.39498361287962","holdout"
"2024-07-10","2024-07-09","0.672456182846385","0.45219731784833","holdout"
"2024-07-11","2024-07-10","0.645861001085741","0.417136432723475","holdout"
"2024-07-12","2024-07-11","0.621433016186515","0.38617899360667","holdout"
"2024-07-16","2024-07-12","0.843003433868057","0.710654789513335","holdout"
"2024-07-17","2024-07-16","0.651338589070695","0.424241957612603","holdout"
"2024-07-18","2024-07-17","0.641394130852883","0.411386431092526","holdout"
"2024-07-19","2024-07-18","0.707459335663169","0.500498711616972","holdout"
"2024-07-22","2024-07-19","0.678843514945587","0.46082851778368","holdout"
"2024-07-23","2024-07-22","0.743385465925889","0.552621950949851","holdout"
"2024-07-24","2024-07-23","0.626579991086652","0.392602485230149","holdout"
"2024-07-25","2024-07-24","0.762468941934713","0.581358887415041","holdout"
"2024-07-26","2024-07-25","0.914554425656574","0.836409797488026","holdout"
"2024-07-29","2024-07-26","0.862430206509555","0.743785861100115","holdout"
"2024-07-30","2024-07-29","0.788071092339155","0.621056046580629","holdout"
"2024-07-31","2024-07-30","0.797631090830165","0.63621535705892","holdout"
"2024-08-01","2024-07-31","0.999215868880946","0.998432352623504","holdout"
"2024-08-02","2024-08-01","1.09770288627464","1.20495162653568","holdout"
"2024-08-05","2024-08-02","1.59355119289211","2.53940540436786","holdout"
"2024-08-06","2024-08-05","3.59680724008054","12.9370223222958","holdout"
"2024-08-07","2024-08-06","2.53175699765201","6.40979349515989","holdout"
"2024-08-08","2024-08-07","2.49459256894901","6.22299208505563","holdout"
"2024-08-09","2024-08-08","2.58469620750964","6.6806544851147","holdout"
"2024-08-13","2024-08-09","2.39573605197038","5.73955123071061","holdout"
"2024-08-14","2024-08-13","1.74248283285017","3.03624642277754","holdout"
"2024-08-15","2024-08-14","1.45825529276854","2.12650849888747","holdout"
"2024-08-16","2024-08-15","1.26365381415901","1.59682096203861","holdout"
"2024-08-19","2024-08-16","1.1495811760963","1.32153688043496","holdout"
"2024-08-20","2024-08-19","1.3609920835094","1.85229945137526","holdout"
"2024-08-21","2024-08-20","1.07748383717657","1.16097141937674","holdout"
"2024-08-22","2024-08-21","1.0933365560766","1.19538482485344","holdout"
"2024-08-23","2024-08-22","1.10833077907338","1.22839711584141","holdout"
"2024-08-26","2024-08-23","1.00639324933797","1.01282737231305","holdout"
"2024-08-27","2024-08-26","0.9533248554979","0.908828280110093","holdout"
"2024-08-28","2024-08-27","0.931310822316077","0.867339847763048","holdout"
"2024-08-29","2024-08-28","0.853301536897749","0.72812351287206","holdout"
"2024-08-30","2024-08-29","0.870173119302977","0.757201257557472","holdout"
"2024-09-02","2024-08-30","0.858337903070967","0.736743955848264","holdout"
"2024-09-03","2024-09-02","0.867661527191544","0.752836525768363","holdout"
"2024-09-04","2024-09-03","0.843359079400926","0.711254536807978","holdout"
"2024-09-05","2024-09-04","1.43921168736015","2.07133028103406","holdout"
"2024-09-06","2024-09-05","1.26151954364209","1.59143155899095","holdout"
"2024-09-09","2024-09-06","1.21768110674584","1.48274727772577","holdout"
"2024-09-10","2024-09-09","1.20554171879386","1.45333083575244","holdout"
"2024-09-11","2024-09-10","1.06416623461218","1.13244977488867","holdout"
"2024-09-12","2024-09-11","1.26226308815222","1.59330810371157","holdout"
"2024-09-13","2024-09-12","1.09055295460149","1.18930574679003","holdout"
"2024-09-17","2024-09-13","1.1884266967407","1.41235801352602","holdout"
"2024-09-18","2024-09-17","1.16027958440783","1.34624871399361","holdout"
"2024-09-19","2024-09-18","1.03669546999874","1.07473749751592","holdout"
"2024-09-20","2024-09-19","0.940442430073121","0.884431964281837","holdout"
"2024-09-24","2024-09-20","0.838153138453007","0.702500683498626","holdout"
"2024-09-25","2024-09-24","0.85910706223135","0.73806494437578","holdout"
"2024-09-26","2024-09-25","0.80287194224094","0.644603355637739","holdout"
"2024-09-27","2024-09-26","0.858753324793425","0.737457272843762","holdout"
"2024-09-30","2024-09-27","0.96105450793024","0.923625767213036","holdout"
"2024-10-01","2024-09-30","1.33691566842057","1.78734350446843","holdout"
"2024-10-02","2024-10-01","0.983532121273068","0.967335433575901","holdout"
"2024-10-03","2024-10-02","1.23183869935682","1.5174265812331","holdout"
"2024-10-04","2024-10-03","0.99621547123438","0.992445265126738","holdout"
"2024-10-07","2024-10-04","0.906082461665517","0.820985427337842","holdout"
"2024-10-08","2024-10-07","0.829963128203887","0.688838794177982","holdout"
"2024-10-09","2024-10-08","0.913570800238021","0.834611607047539","holdout"
"2024-10-10","2024-10-09","0.798185298502877","0.637099770746127","holdout"
"2024-10-11","2024-10-10","0.754617686151522","0.569447852252676","holdout"
"2024-10-15","2024-10-11","0.767282754020559","0.588722824617374","holdout"
"2024-10-16","2024-10-15","0.699759291726864","0.489663066358083","holdout"
"2024-10-17","2024-10-16","0.818090570850937","0.669272182115212","holdout"
"2024-10-18","2024-10-17","0.781668029527344","0.611004908385161","holdout"
"2024-10-21","2024-10-18","0.704264082340648","0.495987897675115","holdout"
"2024-10-22","2024-10-21","0.707278145826783","0.500242375564173","holdout"
"2024-10-23","2024-10-22","0.997398345661092","0.994803459927482","holdout"
"2024-10-24","2024-10-23","0.990471103860393","0.981033007582426","holdout"
"2024-10-25","2024-10-24","0.915218797066613","0.837625446504059","holdout"
"2024-10-28","2024-10-25","0.937209653597101","0.878361934795598","holdout"
"2024-10-29","2024-10-28","1.0188628507045","1.03808150854571","holdout"
"2024-10-30","2024-10-29","0.917008075966616","0.840903811387995","holdout"
"2024-10-31","2024-10-30","0.869958630488351","0.756828018761166","holdout"
"2024-11-01","2024-10-31","0.87878109991874","0.77225622157439","holdout"
"2024-11-05","2024-11-01","1.04317365992313","1.08821128475743","holdout"
"2024-11-06","2024-11-05","0.80943068465266","0.655178033257274","holdout"
"2024-11-07","2024-11-06","0.890369214275792","0.792757337730092","holdout"
"2024-11-08","2024-11-07","0.982708636588944","0.965716264426501","holdout"
"2024-11-11","2024-11-08","0.857736753091032","0.735712337603147","holdout"
"2024-11-12","2024-11-11","0.807782165117969","0.652512026282673","holdout"
"2024-11-13","2024-11-12","0.926507194322556","0.858415581131454","holdout"
"2024-11-14","2024-11-13","1.09189925561407","1.19224398441055","holdout"
"2024-11-15","2024-11-14","0.913529130808699","0.834535472836097","holdout"
"2024-11-18","2024-11-15","0.822025161487151","0.675725366117976","holdout"
"2024-11-19","2024-11-18","0.918932078875106","0.844436165585724","holdout"
"2024-11-20","2024-11-19","0.792542915636932","0.628124273126289","holdout"
"2024-11-21","2024-11-20","0.798479542861919","0.637569580368979","holdout"
"2024-11-22","2024-11-21","0.905247018204019","0.819472163967268","holdout"
"2024-11-25","2024-11-22","0.732371552458339","0.536368090850237","holdout"
"2024-11-26","2024-11-25","0.644526957096883","0.415414998424567","holdout"
"2024-11-27","2024-11-26","0.801590232717903","0.642546901188741","holdout"
"2024-11-28","2024-11-27","0.78548788168267","0.616991212270329","holdout"
"2024-11-29","2024-11-28","0.822383709456899","0.676314965580089","holdout"
"2024-12-02","2024-11-29","0.738246610732007","0.545008058257295","holdout"
"2024-12-03","2024-12-02","0.745984246563326","0.556492496120653","holdout"
"2024-12-04","2024-12-03","0.786435983049974","0.618481555435779","holdout"
"2024-12-05","2024-12-04","0.749454570487707","0.561682153224914","holdout"
"2024-12-06","2024-12-05","0.699811167078303","0.489735669567496","holdout"
"2024-12-09","2024-12-06","0.831135735334264","0.690786610549627","holdout"
"2024-12-10","2024-12-09","0.670926751022225","0.450142705237239","holdout"
"2024-12-11","2024-12-10","0.656063514278467","0.430419334767413","holdout"
"2024-12-12","2024-12-11","0.693226915670381","0.48056355660987","holdout"
"2024-12-13","2024-12-12","0.611695679711738","0.374171604578006","holdout"
"2024-12-16","2024-12-13","0.688370181485013","0.47385350675771","holdout"
"2024-12-17","2024-12-16","0.604474634975242","0.365389584328452","holdout"
"2024-12-18","2024-12-17","0.619262159160645","0.383485621768304","holdout"
"2024-12-19","2024-12-18","0.658268117236753","0.433316914170419","holdout"
"2024-12-20","2024-12-19","0.813167576260556","0.661241507081468","holdout"
"2024-12-23","2024-12-20","0.73205568100722","0.535905520094944","holdout"
"2024-12-24","2024-12-23","0.699952841766825","0.489933980697454","holdout"
"2024-12-25","2024-12-24","0.626627403585303","0.392661902924058","holdout"
"2024-12-26","2024-12-25","0.638407372130445","0.4075639727905","holdout"
"2024-12-27","2024-12-26","0.666566911387164","0.444311447356224","holdout"
"2024-12-30","2024-12-27","0.741425339258849","0.5497115336951","holdout"
"2025-01-06","2024-12-30","0.860804605891195","0.740984569523496","holdout"
"2025-01-07","2025-01-06","0.920664418498982","0.847622971490068","holdout"
"2025-01-08","2025-01-07","0.830803136378936","0.690233851417078","holdout"
"2025-01-09","2025-01-08","0.875669623853811","0.766797290140274","holdout"
"2025-01-10","2025-01-09","0.945356293810919","0.893698522247916","holdout"
"2025-01-14","2025-01-10","0.929003892802407","0.863048232842027","holdout"
"2025-01-15","2025-01-14","1.00329688874379","1.00660464696297","holdout"
"2025-01-16","2025-01-15","0.844121470278801","0.712541056585644","holdout"
"2025-01-17","2025-01-16","0.774335627805616","0.599595664489118","holdout"
"2025-01-20","2025-01-17","0.79914663107599","0.638635337960104","holdout"
"2025-01-21","2025-01-20","0.71355724721038","0.509163945046456","holdout"
"2025-01-22","2025-01-21","0.731279435336772","0.534769612546468","holdout"
"2025-01-23","2025-01-22","0.706919661780245","0.499735408211496","holdout"
"2025-01-24","2025-01-23","0.66681310058959","0.444639711117903","holdout"
"2025-01-27","2025-01-24","0.702546509126672","0.493571597486073","holdout"
"2025-01-28","2025-01-27","0.86064686795746","0.740713031324985","holdout"
"2025-01-29","2025-01-28","0.880647882724634","0.77554069334738","holdout"
"2025-01-30","2025-01-29","0.761164921702098","0.579372038029762","holdout"
"2025-01-31","2025-01-30","0.754026499638751","0.568555962157467","holdout"
"2025-02-03","2025-01-31","0.696052895092237","0.484489632766285","holdout"
"2025-02-04","2025-02-03","0.905456497735298","0.819851469291072","holdout"
"2025-02-05","2025-02-04","0.78002573510834","0.608440147431306","holdout"
"2025-02-06","2025-02-05","0.768157698912069","0.590066250397885","holdout"
"2025-02-07","2025-02-06","0.72944342264731","0.532087706843422","holdout"
"2025-02-10","2025-02-07","0.72446725233537","0.524852799706361","holdout"
"2025-02-12","2025-02-10","0.751704590657985","0.565059791616288","holdout"
"2025-02-13","2025-02-12","0.639851694753612","0.409410191279069","holdout"
"2025-02-14","2025-02-13","0.663692087347821","0.440487186808108","holdout"
"2025-02-17","2025-02-14","0.718162385008384","0.515757211240931","holdout"
"2025-02-18","2025-02-17","0.591733169111663","0.350148143426932","holdout"
"2025-02-19","2025-02-18","0.62952133474831","0.396297110903293","holdout"
"2025-02-20","2025-02-19","0.651221044334872","0.424088848584602","holdout"
"2025-02-21","2025-02-20","0.739222261980906","0.546449552608167","holdout"
"2025-02-25","2025-02-21","0.690229038508738","0.476416125600696","holdout"
"2025-02-26","2025-02-25","0.763693044046691","0.583227065525302","holdout"
"2025-02-27","2025-02-26","0.808123221578977","0.653063141255185","holdout"
"2025-02-28","2025-02-27","0.728433168733839","0.530614881311621","holdout"
"2025-03-03","2025-02-28","1.12530252523858","1.26630577330832","holdout"
"2025-03-04","2025-03-03","0.848409077574503","0.71979796291082","holdout"
"2025-03-05","2025-03-04","1.1014590984241","1.21321214550123","holdout"
"2025-03-06","2025-03-05","0.998469397337041","0.996941137418593","holdout"
"2025-03-07","2025-03-06","0.882675266031174","0.779115625263203","holdout"
"2025-03-10","2025-03-07","0.95472377272766","0.911497482211336","holdout"
"2025-03-11","2025-03-10","0.895202723902256","0.801387916882019","holdout"
"2025-03-12","2025-03-11","0.987104464484233","0.974375223804704","holdout"
"2025-03-13","2025-03-12","0.901645026284332","0.812963753423275","holdout"
"2025-03-14","2025-03-13","0.924217377635514","0.854177761123466","holdout"
"2025-03-17","2025-03-14","0.878766216613774","0.772230063461687","holdout"
"2025-03-18","2025-03-17","0.727114097266186","0.528694910443221","holdout"
"2025-03-19","2025-03-18","0.669491159579154","0.448218412754641","holdout"
"2025-03-21","2025-03-19","0.820846079280957","0.673788285870919","holdout"
"2025-03-24","2025-03-21","0.721601635774106","0.520708920751865","holdout"
"2025-03-25","2025-03-24","0.63395465074488","0.401898499201063","holdout"
"2025-03-26","2025-03-25","0.647977685646817","0.419875081096205","holdout"
"2025-03-27","2025-03-26","0.65972621102226","0.435238673509788","holdout"
"2025-03-28","2025-03-27","0.707486976402606","0.500537821779302","holdout"
"2025-03-31","2025-03-28","0.816385445625404","0.666485195828989","holdout"
"2025-04-01","2025-03-31","1.12334491399759","1.26190379580425","holdout"
"2025-04-02","2025-04-01","0.964047230806495","0.929387063225672","holdout"
"2025-04-03","2025-04-02","0.939729229447559","0.883091024678104","holdout"
"2025-04-04","2025-04-03","1.31266797202389","1.72309720477732","holdout"
"2025-04-07","2025-04-04","1.41113854551518","1.9913119946387","holdout"
"2025-04-08","2025-04-07","2.59002378745695","6.70822321959286","holdout"
"2025-04-09","2025-04-08","2.15875392681696","4.66021851654762","holdout"
"2025-04-10","2025-04-09","2.77320185063329","7.69064850435592","holdout"
"2025-04-11","2025-04-10","2.1196752481923","4.49302315779911","holdout"
"2025-04-14","2025-04-11","2.40924706566377","5.80447142340949","holdout"
"2025-04-15","2025-04-14","1.63960124012963","2.68829222663461","holdout"
"2025-04-16","2025-04-15","1.38345650005909","1.91395188755576","holdout"
"2025-04-17","2025-04-16","1.81336652233849","3.28829814433798","holdout"
"2025-04-18","2025-04-17","1.27253130472168","1.61933592149666","holdout"
"2025-04-21","2025-04-18","1.15138759784528","1.32569340047192","holdout"
"2025-04-22","2025-04-21","1.2183984804576","1.4844948571814","holdout"
"2025-04-23","2025-04-22","1.04390853661007","1.08974503280737","holdout"
"2025-04-24","2025-04-23","0.996873349340909","0.993756474626162","holdout"
"2025-04-25","2025-04-24","0.960779684718187","0.923097602567178","holdout"
"2025-04-28","2025-04-25","0.956735253064461","0.915342344456318","holdout"
"2025-04-30","2025-04-28","0.96611651293307","0.933381116561955","holdout"
"2025-05-01","2025-04-30","0.908016041075253","0.824493130849976","holdout"
"2025-05-02","2025-05-01","0.999051212684748","0.998103325566866","holdout"
"2025-05-07","2025-05-02","0.958942285379092","0.919570306688075","holdout"
"2025-05-08","2025-05-07","0.892658652354393","0.796839469623161","holdout"
"2025-05-09","2025-05-08","0.924595907976074","0.8548775930461","holdout"
"2025-05-12","2025-05-09","0.827054925665221","0.684019850067104","holdout"
"2025-05-13","2025-05-12","0.759335169520179","0.576589899670239","holdout"
"2025-05-14","2025-05-13","0.678445415075463","0.460288181236917","holdout"
"2025-05-15","2025-05-14","0.814029477876543","0.662643990851957","holdout"
"2025-05-16","2025-05-15","0.723687062021564","0.523722963737403","holdout"
"2025-05-19","2025-05-16","0.697785310316801","0.486904339293914","holdout"
"2025-05-20","2025-05-19","0.67210388688484","0.451723634765709","holdout"
"2025-05-21","2025-05-20","0.741567030002472","0.549921659986688","holdout"
"2025-05-22","2025-05-21","0.73862841847202","0.545571940574477","holdout"
"2025-05-23","2025-05-22","0.721866431860477","0.521091145446977","holdout"
"2025-05-26","2025-05-23","0.664429052241642","0.441465965462727","holdout"
"2025-05-27","2025-05-26","0.702508331621551","0.493517955997695","holdout"
"2025-05-28","2025-05-27","0.694812075830711","0.482763820720181","holdout"
"2025-05-29","2025-05-28","0.683076127820491","0.466592996398236","holdout"
"2025-05-30","2025-05-29","0.70143642681509","0.492013060863121","holdout"
"2025-06-02","2025-05-30","0.766500676060136","0.587523286400646","holdout"
"2025-06-03","2025-06-02","0.800227749204115","0.640364450596283","holdout"
"2025-06-04","2025-06-03","0.707780539114858","0.50095329154972","holdout"
"2025-06-05","2025-06-04","0.625603086721269","0.39137922211518","holdout"
"2025-06-06","2025-06-05","0.610887656582839","0.373183728965273","holdout"
"2025-06-09","2025-06-06","0.585189463786723","0.342446708526992","holdout"
"2025-06-10","2025-06-09","0.490394563188986","0.240486827605316","holdout"
"2025-06-11","2025-06-10","0.564233248112671","0.318359158275775","holdout"
"2025-06-12","2025-06-11","0.563496768742466","0.3175286083832","holdout"
"2025-06-13","2025-06-12","0.652225872940967","0.425398589333607","holdout"
"2025-06-16","2025-06-13","0.827345513858469","0.684500599301733","holdout"
"2025-06-17","2025-06-16","0.670403889354722","0.449441374861938","holdout"
"2025-06-18","2025-06-17","0.656345336853442","0.430789201209258","holdout"
"2025-06-19","2025-06-18","0.753790328948208","0.568199860015848","holdout"
"2025-06-20","2025-06-19","0.834570771852368","0.696508373230258","holdout"
"2025-06-23","2025-06-20","0.714161690078871","0.510026919576309","holdout"
"2025-06-24","2025-06-23","0.727822500539306","0.529725592291288","holdout"
"2025-06-25","2025-06-24","0.671268612495699","0.450601550121901","holdout"
"2025-06-26","2025-06-25","0.613716261380747","0.376647649483162","holdout"
"2025-06-27","2025-06-26","0.694120445193925","0.481803192436213","holdout"
"2025-06-30","2025-06-27","0.65908892212354","0.43439820726597","holdout"
"2025-07-01","2025-06-30","0.720474452880951","0.519083437254105","holdout"
"2025-07-02","2025-07-01","0.794965004323856","0.631969358099629","holdout"
"2025-07-03","2025-07-02","0.817489645509","0.66828932051443","holdout"
"2025-07-04","2025-07-03","0.70146227318983","0.492049320708644","holdout"
"2025-07-07","2025-07-04","0.697520128101342","0.486534329106512","holdout"
"2025-07-08","2025-07-07","0.722818920495037","0.522467191825611","holdout"
"2025-07-09","2025-07-08","0.683036442709391","0.466538782069099","holdout"
"2025-07-10","2025-07-09","0.643947155682492","0.414667939311572","holdout"
"2025-07-11","2025-07-10","0.648029283324796","0.419941952046448","holdout"
"2025-07-14","2025-07-11","0.669959648763443","0.448845930971237","holdout"
"2025-07-15","2025-07-14","0.660067768817738","0.435689459432027","holdout"
"2025-07-16","2025-07-15","0.654874710280658","0.428860886165176","holdout"
"2025-07-17","2025-07-16","0.724488062164396","0.524882952218722","holdout"
"2025-07-18","2025-07-17","0.761938717989654","0.580550609971718","holdout"
"2025-07-22","2025-07-18","0.73733568126339","0.543663906864148","holdout"
"2025-07-23","2025-07-22","0.775630629516352","0.601602873443932","holdout"
"2025-07-24","2025-07-23","0.931045706685818","0.866846107938094","holdout"
"2025-07-25","2025-07-24","0.830118276513304","0.689096353001419","holdout"
"2025-07-28","2025-07-25","0.855069355434653","0.731143602603433","holdout"
"2025-07-29","2025-07-28","0.917739027491883","0.842244922581746","holdout"
"2025-07-30","2025-07-29","0.793321958995845","0.629359730625005","holdout"
"2025-07-31","2025-07-30","0.675209657453497","0.455908081518469","holdout"
"2025-08-01","2025-07-31","0.75061885504858","0.563428665554441","holdout"
"2025-08-04","2025-08-01","0.819157533269552","0.671019064312257","holdout"
"2025-08-05","2025-08-04","0.797618170544879","0.636194745983359","holdout"
"2025-08-06","2025-08-05","0.65342084900189","0.42695880591035","holdout"
"2025-08-07","2025-08-06","0.803539266757254","0.645675353220785","holdout"
"2025-08-08","2025-08-07","0.770541299860719","0.593733894791046","holdout"
"2025-08-12","2025-08-08","0.925765248945226","0.857041296154616","holdout"
"2025-08-13","2025-08-12","0.886638410900624","0.786127671684383","holdout"
"2025-08-14","2025-08-13","0.836610968810762","0.699917913134481","holdout"
"2025-08-15","2025-08-14","0.96586967346843","0.932904226126012","holdout"
"2025-08-18","2025-08-15","0.881504415907672","0.777050035264726","holdout"
"2025-08-19","2025-08-18","0.839420013072291","0.704625958346284","holdout"
"2025-08-20","2025-08-19","0.779620945282404","0.607808818323029","holdout"
"2025-08-21","2025-08-20","0.989215864567754","0.97854802671253","holdout"
"2025-08-22","2025-08-21","0.872950049808813","0.762041789461209","holdout"
"2025-08-25","2025-08-22","0.782856700738079","0.61286461389051","holdout"
"2025-08-26","2025-08-25","0.760845082796646","0.578885240015835","holdout"
"2025-08-27","2025-08-26","0.823025261487558","0.677370581046663","holdout"
"2025-08-28","2025-08-27","0.732716168720389","0.536872983904285","holdout"
"2025-08-29","2025-08-28","0.732978499235313","0.537257480341252","holdout"
"2025-09-01","2025-08-29","0.67725863719211","0.458679261651315","holdout"
"2025-09-02","2025-09-01","0.831918008662705","0.692087573137321","holdout"
"2025-09-03","2025-09-02","0.720360517849903","0.51891927567698","holdout"
"2025-09-04","2025-09-03","0.822680837940981","0.676803761115274","holdout"
"2025-09-05","2025-09-04","0.751830772348737","0.565249510250498","holdout"
"2025-09-08","2025-09-05","0.741440660575297","0.549734253154332","holdout"
"2025-09-09","2025-09-08","0.776411214169989","0.602814373488917","holdout"
"2025-09-10","2025-09-09","0.820063541492684","0.672504212085523","holdout"
"2025-09-11","2025-09-10","0.775247995284579","0.601009454192759","holdout"
"2025-09-12","2025-09-11","0.797321280396623","0.63572122417331","holdout"
"2025-09-16","2025-09-12","0.750342210674402","0.563013433119748","holdout"
"2025-09-17","2025-09-16","0.692083838559508","0.478980039595263","holdout"
"2025-09-18","2025-09-17","0.714210507239739","0.510096648651646","holdout"
"2025-09-19","2025-09-18","0.815265149948971","0.664657264721318","holdout"
"2025-09-22","2025-09-19","0.963322568796883","0.927990371553426","holdout"
"2025-09-24","2025-09-22","0.925553023964893","0.856648400170559","holdout"
"2025-09-25","2025-09-24","0.911914550500757","0.831588147414998","holdout"
"2025-09-26","2025-09-25","0.855193490922013","0.731355906915379","holdout"
"2025-09-29","2025-09-26","0.919699975525065","0.845848044980806","holdout"
"2025-09-30","2025-09-29","0.710474365471078","0.504773823991531","holdout"
"2025-10-01","2025-09-30","0.712785770931644","0.508063555242618","holdout"
"2025-10-02","2025-10-01","0.808009994546494","0.652880151287025","holdout"
"2025-10-03","2025-10-02","0.747475196193034","0.558719168923814","holdout"
"2025-10-06","2025-10-03","0.800778878354282","0.641246812018342","holdout"
"2025-10-07","2025-10-06","1.01872827916201","1.03780730676439","holdout"
"2025-10-08","2025-10-07","0.918153929137519","0.843006637590665","holdout"
"2025-10-09","2025-10-08","1.04655862439113","1.09528495428746","holdout"
"2025-10-10","2025-10-09","0.975883143452336","0.952347909674413","holdout"
"2025-10-14","2025-10-10","1.15721994152789","1.33915799306982","holdout"
"2025-10-15","2025-10-14","1.18022905470177","1.39294062156225","holdout"
"2025-10-16","2025-10-15","1.15421875097507","1.33222092510245","holdout"
"2025-10-17","2025-10-16","0.989199148259953","0.978514954918217","holdout"
"2025-10-20","2025-10-17","1.2171430183756","1.48143712718046","holdout"
"2025-10-21","2025-10-20","1.03778988692412","1.07700784940198","holdout"
"2025-10-22","2025-10-21","0.954921840304509","0.91187572109055","holdout"
"2025-10-23","2025-10-22","1.01475956863601","1.02973698213833","holdout"
"2025-10-24","2025-10-23","1.00623066676496","1.01250015473826","holdout"
"2025-10-27","2025-10-24","0.827942903020206","0.685489450661527","holdout"
"2025-10-28","2025-10-27","0.854249641239445","0.729742449557721","holdout"
"2025-10-29","2025-10-28","0.810278586603312","0.656551387907862","holdout"
"2025-10-30","2025-10-29","0.970720459480861","0.942298210454733","holdout"
"2025-10-31","2025-10-30","0.970468801215319","0.941809694132298","holdout"
"2025-11-04","2025-10-31","0.985121367387213","0.970464108482852","holdout"
"2025-11-05","2025-11-04","1.25367734168866","1.57170687706355","holdout"
"2025-11-06","2025-11-05","1.65962731461507","2.75436282341641","holdout"
"2025-11-07","2025-11-06","1.20662037792039","1.45593273641274","holdout"
"2025-11-10","2025-11-07","1.40838799268225","1.98355673793155","holdout"
"2025-11-11","2025-11-10","1.22291739155975","1.4955269465793","holdout"
"2025-11-12","2025-11-11","1.18119513717537","1.39522195208673","holdout"
"2025-11-13","2025-11-12","0.978238848385659","0.9569512444909","holdout"
"2025-11-14","2025-11-13","0.905392026058257","0.819734720849875","holdout"
"2025-11-17","2025-11-14","1.00542129611946","1.01087198269053","holdout"
"2025-11-18","2025-11-17","0.946621351320615","0.896091982776066","holdout"
"2025-11-19","2025-11-18","1.32503531021414","1.75571857331429","holdout"
"2025-11-20","2025-11-19","1.21796091006453","1.48342877844521","holdout"
"2025-11-21","2025-11-20","1.18300503790037","1.39950091969765","holdout"
"2025-11-25","2025-11-21","1.59062141359267","2.53007648137956","holdout"
"2025-11-26","2025-11-25","1.18537081625027","1.40510397201783","holdout"
"2025-11-27","2025-11-26","1.1912251590453","1.41901737954249","holdout"
"2025-11-28","2025-11-27","0.991019955291613","0.982120551786192","holdout"
"2025-12-01","2025-11-28","0.8453462929714","0.714610355040488","holdout"
"2025-12-02","2025-12-01","1.14345232687596","1.30748322383805","holdout"
"2025-12-03","2025-12-02","0.87945646528248","0.773443674327154","holdout"
"2025-12-04","2025-12-03","0.925667953760737","0.85686116061959","holdout"
"2025-12-05","2025-12-04","1.05853767894955","1.12050201775591","holdout"
"2025-12-08","2025-12-05","0.988068839320284","0.976280031235734","holdout"
"2025-12-09","2025-12-08","0.853467694004507","0.728407104709371","holdout"
"2025-12-10","2025-12-09","0.854776640874938","0.730643105785443","holdout"
"2025-12-11","2025-12-10","0.919218325478703","0.844962329895871","holdout"
"2025-12-12","2025-12-11","0.994083374629525","0.988201755714825","holdout"
"2025-12-15","2025-12-12","0.891026218279153","0.793927721660849","holdout"
"2025-12-16","2025-12-15","0.956648312206521","0.915175993247585","holdout"
"2025-12-17","2025-12-16","1.09193496410395","1.1923219658327","holdout"
"2025-12-18","2025-12-17","0.945608545549507","0.894175521416255","holdout"
"2025-12-19","2025-12-18","0.918804198804037","0.844201155739927","holdout"
"2025-12-22","2025-12-19","0.792148046146544","0.627498527013788","holdout"
"2025-12-23","2025-12-22","0.764521448322556","0.584493044945219","holdout"
"2025-12-24","2025-12-23","0.650423417788367","0.4230506224075","holdout"
"2025-12-25","2025-12-24","0.683320001900885","0.466926224997825","holdout"
"2025-12-26","2025-12-25","0.564689994408254","0.318874789784793","holdout"
"2025-12-29","2025-12-26","0.618970671939074","0.383124692720709","holdout"
"2025-12-30","2025-12-29","0.621032374204654","0.385681209810269","holdout"
"2026-01-05","2025-12-30","0.657782293783841","0.432677546015532","holdout"
"2026-01-06","2026-01-05","0.812606060664245","0.660328609828263","holdout"
"2026-01-07","2026-01-06","0.736831227232008","0.542920257424228","holdout"
"2026-01-08","2026-01-07","0.926133157616792","0.857722625637249","holdout"
"2026-01-09","2026-01-08","1.02482906094226","1.05027460415179","holdout"
"2026-01-13","2026-01-09","0.921845903181087","0.849799869211754","holdout"
"2026-01-14","2026-01-13","0.930903454831454","0.866581242217137","holdout"
"2026-01-15","2026-01-14","0.949641717370447","0.901819391370292","holdout"
"2026-01-16","2026-01-15","0.913509572408539","0.834499738882031","holdout"
"2026-01-19","2026-01-16","0.880272043425063","0.774878870435736","holdout"
"2026-01-20","2026-01-19","0.857633307613419","0.735534890327934","holdout"
"2026-01-21","2026-01-20","0.899333070878378","0.808799972375534","holdout"
"2026-01-22","2026-01-21","0.871710825339125","0.759879763013418","holdout"
"2026-01-23","2026-01-22","0.833144501210337","0.694129759897022","holdout"
"2026-01-26","2026-01-23","0.794523282775895","0.631267246872985","holdout"
"2026-01-27","2026-01-26","0.917418200244309","0.841656154139506","holdout"
"2026-01-28","2026-01-27","0.90443243096669","0.817998022184317","holdout"
"2026-01-29","2026-01-28","0.894953333643213","0.8009414693991","holdout"
"2026-01-30","2026-01-29","0.9386842129776","0.881128051693377","holdout"
"2026-02-02","2026-01-30","1.0249583950999","1.05053971168576","holdout"
"2026-02-03","2026-02-02","1.29735624834046","1.68313323510803","holdout"
"2026-02-04","2026-02-03","1.2115597740101","1.4678770859994","holdout"
"2026-02-05","2026-02-04","1.20697477681143","1.45678811185901","holdout"
"2026-02-06","2026-02-05","1.31947849037115","1.74102348655212","holdout"
"2026-02-09","2026-02-06","1.26538524730266","1.60119982409122","holdout"
"2026-02-10","2026-02-09","1.35616608750134","1.8391864568887","holdout"
"2026-02-12","2026-02-10","1.40319526859284","1.96895696180132","holdout"
"2026-02-13","2026-02-12","1.18027275315319","1.39304377183582","holdout"
"2026-02-16","2026-02-13","1.30531047155421","1.70383542714909","holdout"
"2026-02-17","2026-02-16","1.09344127807557","1.19561382859953","holdout"
"2026-02-18","2026-02-17","1.05149760283744","1.10564720877287","holdout"
"2026-02-19","2026-02-18","0.925216682303211","0.856025909212161","holdout"
"2026-02-20","2026-02-19","0.807769049561898","0.652490837430132","holdout"
"2026-02-24","2026-02-20","0.838646038622816","0.703327178097741","holdout"
"2026-02-25","2026-02-24","0.907386882437371","0.823350954419412","holdout"
"2026-02-26","2026-02-25","0.950929333661407","0.904266597617728","holdout"
"2026-02-27","2026-02-26","0.904066775655127","0.817336734843458","holdout"
"2026-03-02","2026-02-27","0.945418855609316","0.89381681254163","holdout"
"2026-03-03","2026-03-02","1.17015490434461","1.36926250016175","holdout"
"2026-03-04","2026-03-03","1.43843306124481","2.0690896716821","holdout"
"2026-03-05","2026-03-04","2.02189706235918","4.08806773077669","holdout"
"2026-03-06","2026-03-05","1.32227518327397","1.74841166030222","holdout"
"2026-03-09","2026-03-06","1.46671557269986","2.15125457120027","holdout"
"2026-03-10","2026-03-09","2.35610932866128","5.5512511686047","holdout"
"2026-03-11","2026-03-10","1.48438630823957","2.20340271208911","holdout"
"2026-03-12","2026-03-11","1.59611939295057","2.54759711655289","holdout"
"2026-03-13","2026-03-12","1.69797315253765","2.88311282673865","holdout"
"2026-03-16","2026-03-13","1.57218225010596","2.47175702754822","holdout"
"2026-03-17","2026-03-16","1.30155484337217","1.69404501030554","holdout"
"2026-03-18","2026-03-17","1.05877256165513","1.12099933731376","holdout"
"2026-03-19","2026-03-18","1.13685700438299","1.29244384841466","holdout"
"2026-03-23","2026-03-19","1.45508782502132","2.11728057852527","holdout"
"2026-03-24","2026-03-23","1.67514703489794","2.80611758852736","holdout"
"2026-03-25","2026-03-24","1.28223855191556","1.64413570401852","holdout"
"2026-03-26","2026-03-25","1.36174045790447","1.85433707469387","holdout"
"2026-03-27","2026-03-26","1.5085175509638","2.27562520156583","holdout"
"2026-03-30","2026-03-27","1.32271097213237","1.74956431579937","holdout"
"2026-03-31","2026-03-30","1.72303262005345","2.96884140976824","holdout"
"2026-04-01","2026-03-31","1.84105782146833","3.38949390198971","holdout"
"2026-04-02","2026-04-01","1.2949812111826","1.67697633731596","holdout"
"2026-04-03","2026-04-02","1.88763493441365","3.56316564561883","holdout"
"2026-04-06","2026-04-03","1.21195310818382","1.46883033643643","holdout"
"2026-04-07","2026-04-06","1.51192219882592","2.28590873530261","holdout"
"2026-04-08","2026-04-07","1.32990418263228","1.76864513498282","holdout"
"2026-04-09","2026-04-08","1.50971536894327","2.27924049522351","holdout"
"2026-04-10","2026-04-09","1.17981027727101","1.39195229035431","holdout"
"2026-04-13","2026-04-10","1.14391408324589","1.30853942984829","holdout"
"2026-04-14","2026-04-13","1.11111292736152","1.2345719373499","holdout"
"2026-04-15","2026-04-14","1.10556864076598","1.22228201944514","holdout"
"2026-04-16","2026-04-15","0.884126931452225","0.781680430919127","holdout"
"2026-04-17","2026-04-16","1.02494932198175","1.05052111263085","holdout"
"2026-04-20","2026-04-17","1.10580700686523","1.22280913643224","holdout"
"2026-04-21","2026-04-20","0.968826857872799","0.93862548053568","holdout"
"2026-04-22","2026-04-21","0.939405696673141","0.88248306294195","holdout"
"2026-04-23","2026-04-22","1.00767271623294","1.01540430304027","holdout"
"2026-04-24","2026-04-23","1.03636258578758","1.07404740922032","holdout"
"2026-04-27","2026-04-24","0.957394989740322","0.916605166379872","holdout"
"2026-04-28","2026-04-27","1.05061486902761","1.1037916030219","holdout"
"2026-04-30","2026-04-28","1.29866552082063","1.68653213496832","holdout"
"2026-05-01","2026-04-30","1.05009824905227","1.10270633266264","holdout"
"2026-05-07","2026-05-01","1.16121435041134","1.34841876760123","holdout"
"2026-05-08","2026-05-07","1.40402077187097","1.97127432784516","holdout"
"2026-05-11","2026-05-08","1.15550423326046","1.33519003308284","holdout"
"2026-05-12","2026-05-11","1.12888921775217","1.2743908659571","holdout"
"2026-05-13","2026-05-12","1.17616619829635","1.38336692601488","holdout"
"2026-05-14","2026-05-13","1.23176147246531","1.51723632504991","holdout"
"2026-05-15","2026-05-14","1.15644221815731","1.33735860393659","holdout"
"2026-05-18","2026-05-15","1.36603073078972","1.86603995746188","holdout"
"2026-05-19","2026-05-18","1.22140787407123","1.49183719484319","holdout"
"2026-05-20","2026-05-19","1.25333797008812","1.57085606726461","holdout"
"2026-05-21","2026-05-20","1.362500602727","1.85640789243143","holdout"
"2026-05-22","2026-05-21","1.20524144554189","1.4526069420519","holdout"
"2026-05-25","2026-05-22","1.20597803679274","1.45438302522648","holdout"
"2026-05-26","2026-05-25","1.21039854527154","1.46506463839546","holdout"
"2026-05-27","2026-05-26","1.12178234620626","1.25839563226003","holdout"
"2026-05-28","2026-05-27","1.18513611759728","1.40454761723355","holdout"
"2026-05-29","2026-05-28","1.1433685435052","1.3072916262772","holdout"
"2026-06-01","2026-05-29","1.067072821256","1.13864440586324","holdout"
"2026-06-02","2026-06-01","1.04368085438819","1.08926972581646","holdout"
"2026-06-03","2026-06-02","1.19352631581021","1.42450506653148","holdout"
"2026-06-04","2026-06-03","1.12994138042561","1.27676752319814","holdout"
"2026-06-05","2026-06-04","1.17295634741901","1.37582659295054","holdout"
"2026-06-08","2026-06-05","1.20164505749808","1.44395084420957","holdout"
"2026-06-09","2026-06-08","1.59523845638158","2.54478573271868","holdout"
"2026-06-10","2026-06-09","1.30883000971212","1.71303599432303","holdout"
"2026-06-11","2026-06-10","1.73979769544464","3.02689602107447","holdout"
"2026-06-12","2026-06-11","1.49981300195581","2.24943904083571","holdout"
"2026-06-15","2026-06-12","1.50158316745879","2.25475200879556","holdout"
"2026-06-16","2026-06-15","1.51978144849297","2.30973565118339","holdout"
"2026-06-17","2026-06-16","1.24597958636129","1.55246512962904","holdout"
"2026-06-18","2026-06-17","1.25007745787236","1.56269365068063","holdout"
"2026-06-19","2026-06-18","1.29418134872974","1.67490536339993","holdout"
"2026-06-22","2026-06-19","1.15020092442362","1.32296216654494","holdout"
"2026-06-23","2026-06-22","1.10717570221279","1.22583803557038","holdout"
"2026-06-24","2026-06-23","1.65556156355984","2.74088409073671","holdout"
"2026-06-25","2026-06-24","1.60146352572802","2.56468542423723","holdout"
"2026-06-26","2026-06-25","1.45348389066427","2.11261542042054","holdout"
"2026-06-29","2026-06-26","1.90041513682035","3.61157769225591","holdout"
"2026-06-30","2026-06-29","1.72222712074001","2.96606625541242","holdout"
"2026-07-01","2026-06-30","1.45983357591464","2.13111406936774","holdout"
"2026-07-02","2026-07-01","1.44786822880583","2.09632240798534","holdout"
"2026-07-03","2026-07-02","1.39179023972064","1.93708007138164","holdout"
"2026-07-06","2026-07-03","1.50222599238812","2.25668293220648","holdout"
"2026-07-07","2026-07-06","1.45391322346616","2.11386366136977","holdout"
"2026-07-08","2026-07-07","1.44518454812463","2.08855837813818","holdout"
"2026-07-09","2026-07-08","1.72994916789206","2.99272412349044","holdout"
"2026-07-10","2026-07-09","1.54534038858306","2.38807691658603","holdout"
"2026-07-13","2026-07-10","1.27191601328058","1.61777034483957","holdout"
"2026-07-14","2026-07-13","1.6922810094436","2.86381501492343","holdout"
"2026-07-15","2026-07-14","1.33927182973103","1.79364903391111","holdout"
"2026-07-16","2026-07-15","1.21516655539515","1.47662975735091","holdout"
"2026-07-17","2026-07-16","1.45232332366593","2.10924303646407","holdout"
"2026-07-21","2026-07-17","2.11258164717225","4.46300121596903","holdout"
"2026-07-22","2026-07-21","1.51737173270796","2.30241697522115","holdout"
"2026-07-23","2026-07-22","1.46045815245893","2.13293801508374","holdout"
"2026-07-24","2026-07-23","1.37801232511575","1.89891796817091","holdout"
"2026-07-27","2026-07-24","1.59518706670886","2.54462177779522","holdout"
"2026-07-28","2026-07-27","1.23268064202276","1.51950156521765","holdout"
"2026-07-29","2026-07-28","1.93488937373989","3.74379688861153","holdout"
"2026-07-30","2026-07-29","1.8758980464315","3.51899348060552","holdout"
"2026-07-31","2026-07-30","1.66937870726796","2.78682526827965","holdout"
"2026-08-03","2026-07-31","1.57834268882624","2.49116564337125","holdout"
"2026-08-04","2026-08-03","1.6694947041393","2.78721256714917","holdout"
"2026-08-05","2026-08-04","1.50340801046958","2.26023564594409","holdout"
"2026-08-06","2026-08-05","1.49094895205345","2.22292877762928","holdout"
"2026-08-07","2026-08-06","1.4325367444728","2.05216152426473","holdout"
"2026-08-10","2026-08-07","1.2221557447578","1.49366466444449","holdout"
"2026-08-12","2026-08-10","1.12714044427517","1.27044558112082","holdout"
"2026-08-13","2026-08-12","1.19748884761301","1.43397954015754","holdout"
"2026-08-14","2026-08-13","1.02082511412821","1.04208391363488","holdout"
"2026-08-17","2026-08-14","1.05958638331075","1.12272330369755","holdout"
"2026-08-18","2026-08-17","0.959430928168032","0.920507705925371","holdout"
"2026-08-19","2026-08-18","1.2721245992452","1.61830099600476","holdout"
"2026-08-20","2026-08-19","1.35284733236029","1.83019590467435","holdout"
"2026-08-21","2026-08-20","1.04624567547921","1.09463001345894","holdout"
"2026-08-24","2026-08-21","1.03005627528533","1.06101593025469","holdout"
"2026-08-25","2026-08-24","1.08806558247203","1.18388671176019","holdout"
"2026-08-26","2026-08-25","1.06969209924954","1.1442411871969","holdout"
"2026-08-27","2026-08-26","1.03312704433752","1.06735148974157","holdout"
"2026-08-28","2026-08-27","1.0210551382054","1.04255359525565","holdout"
"2026-08-31","2026-08-28","0.909556812813745","0.827293595735899","holdout"
"2026-09-01","2026-08-31","1.07312402898495","1.15159518158489","paper"
"2026-09-02","2026-09-01","0.93576290624694","0.875652216707719","paper"
"2026-09-03","2026-09-02","1.07018552366892","1.14529705507052","paper"
"2026-09-04","2026-09-03","0.974015043284063","0.948705304543655","paper"
"2026-09-07","2026-09-04","0.948405990598084","0.899473923002333","paper"
"2026-09-08","2026-09-07","0.820749244969444","0.673629323117912","paper"
"2026-09-09","2026-09-08","1.18601436705268","1.40663007885537","paper"
"2026-09-10","2026-09-09","1.02949938758614","1.05986898904023","paper"
"2026-09-11","2026-09-10","1.0011790000093","1.00235939005962","paper"
"2026-09-14","2026-09-11","1.07980251525138","1.1659734719432","paper"
"2026-09-15","2026-09-14","1.04665631731726","1.09548944658012","paper"
"2026-09-16","2026-09-15","0.999029848484569","0.998060638163101","paper"
"2026-09-17","2026-09-16","0.948532523957664","0.899713949005496","paper"
"2026-09-18","2026-09-17","0.957489826611886","0.91678676806526","paper"
"2026-09-24","2026-09-18","0.899503373484438","0.809106318909883","paper"
"2026-09-25","2026-09-24","0.900791088166191","0.811424584519631","paper"
"2026-09-28","2026-09-25","0.779091548154545","0.606983640405845","paper"
